{
  "PartialUpdate" : {
    "transaction" : "PartialUpdate",
    "sampleCount" : 150,
    "errorCount" : 15,
    "errorPct" : 10.0,
    "meanResTime" : 465.4400000000001,
    "medianResTime" : 233.0,
    "minResTime" : 229.0,
    "maxResTime" : 7235.0,
    "pct1ResTime" : 296.9,
    "pct2ResTime" : 668.2499999999984,
    "pct3ResTime" : 6725.000000000009,
    "throughput" : 15.634771732332707,
    "receivedKBytesPerSec" : 13.837383716385242,
    "sentKBytesPerSec" : 4.5914927298311445
  },
  "Delete" : {
    "transaction" : "Delete",
    "sampleCount" : 150,
    "errorCount" : 26,
    "errorPct" : 17.333334,
    "meanResTime" : 650.9266666666671,
    "medianResTime" : 233.0,
    "minResTime" : 229.0,
    "maxResTime" : 7238.0,
    "pct1ResTime" : 255.0,
    "pct2ResTime" : 5239.45,
    "pct3ResTime" : 6729.0200000000095,
    "throughput" : 15.675619186957885,
    "receivedKBytesPerSec" : 11.531173254781063,
    "sentKBytesPerSec" : 3.7003033885463474
  },
  "Total" : {
    "transaction" : "Total",
    "sampleCount" : 900,
    "errorCount" : 53,
    "errorPct" : 5.888889,
    "meanResTime" : 802.0777777777787,
    "medianResTime" : 234.0,
    "minResTime" : 1.0,
    "maxResTime" : 7238.0,
    "pct1ResTime" : 2229.499999999999,
    "pct2ResTime" : 4946.65,
    "pct3ResTime" : 6238.99,
    "throughput" : 71.90795781399808,
    "receivedKBytesPerSec" : 61.1696715703899,
    "sentKBytesPerSec" : 22.700630692713325
  },
  "Auth" : {
    "transaction" : "Auth",
    "sampleCount" : 150,
    "errorCount" : 0,
    "errorPct" : 0.0,
    "meanResTime" : 2587.693333333333,
    "medianResTime" : 1928.5,
    "minResTime" : 923.0,
    "maxResTime" : 6944.0,
    "pct1ResTime" : 5931.9,
    "pct2ResTime" : 5937.0,
    "pct3ResTime" : 6939.92,
    "throughput" : 13.204225352112676,
    "receivedKBytesPerSec" : 10.0341796875,
    "sentKBytesPerSec" : 3.4300038512323945
  },
  "GetBooking" : {
    "transaction" : "GetBooking",
    "sampleCount" : 150,
    "errorCount" : 2,
    "errorPct" : 1.3333334,
    "meanResTime" : 290.5266666666666,
    "medianResTime" : 233.0,
    "minResTime" : 229.0,
    "maxResTime" : 6233.0,
    "pct1ResTime" : 287.70000000000005,
    "pct2ResTime" : 298.9,
    "pct3ResTime" : 3381.590000000051,
    "throughput" : 15.60224672352819,
    "receivedKBytesPerSec" : 14.03155960708342,
    "sentKBytesPerSec" : 2.875445314125234
  },
  "CreateBooking" : {
    "transaction" : "CreateBooking",
    "sampleCount" : 150,
    "errorCount" : 0,
    "errorPct" : 0.0,
    "meanResTime" : 411.52000000000004,
    "medianResTime" : 233.0,
    "minResTime" : 228.0,
    "maxResTime" : 6241.0,
    "pct1ResTime" : 242.9,
    "pct2ResTime" : 260.9,
    "pct3ResTime" : 6239.98,
    "throughput" : 15.59900166389351,
    "receivedKBytesPerSec" : 14.445528611168886,
    "sentKBytesPerSec" : 6.931197028390184
  },
  "UpdateBooking" : {
    "transaction" : "UpdateBooking",
    "sampleCount" : 150,
    "errorCount" : 10,
    "errorPct" : 6.6666665,
    "meanResTime" : 406.3599999999999,
    "medianResTime" : 233.5,
    "minResTime" : 1.0,
    "maxResTime" : 6239.0,
    "pct1ResTime" : 291.9,
    "pct2ResTime" : 305.0499999999999,
    "pct3ResTime" : 5729.000000000009,
    "throughput" : 15.618492294877134,
    "receivedKBytesPerSec" : 14.026036514733445,
    "sentKBytesPerSec" : 7.434646371303624
  }
}